{"success":true,"terms":"https:\/\/currencylayer.com\/terms","privacy":"https:\/\/currencylayer.com\/privacy","timestamp":1565021286,"source":"USD","quotes":{"USDAED":3.673103,"USDAFN":79.149627,"USDALL":107.86023,"USDAMD":476.150155,"USDANG":1.78465,"USDAOA":351.876045,"USDARS":45.396005,"USDAUD":1.474701,"USDAWG":1.8,"USDAZN":1.705016,"USDBAM":1.75045,"USDBBD":2.01865,"USDBDT":84.473054,"USDBGN":1.747103,"USDBHD":0.376983,"USDBIF":1845,"USDBMD":1,"USDBND":1.35065,"USDBOB":6.90565,"USDBRL":3.940698,"USDBSD":0.9994,"USDBTC":8.4905017e-5,"USDBTN":68.914097,"USDBWP":10.897205,"USDBYN":2.053989,"USDBYR":19600,"USDBZD":2.01525,"USDCAD":1.319645,"USDCDF":1664.99966,"USDCHF":0.97235,"USDCLF":0.026137,"USDCLP":721.306089,"USDCNY":7.050799,"USDCOP":3473.15,"USDCRC":571.419817,"USDCUC":1,"USDCUP":26.5,"USDCVE":98.992501,"USDCZK":23.036027,"USDDJF":177.719956,"USDDKK":6.66547,"USDDOP":51.010347,"USDDZD":119.509905,"USDEGP":16.560185,"USDERN":15.000092,"USDETB":29.039973,"USDEUR":0.89303,"USDFJD":2.16545,"USDFKP":0.82198,"USDGBP":0.821895,"USDGEL":2.905007,"USDGGP":0.821956,"USDGHS":5.398884,"USDGIP":0.82198,"USDGMD":49.985024,"USDGNF":9224.99995,"USDGTQ":7.678195,"USDGYD":209.089613,"USDHKD":7.840725,"USDHNL":24.664981,"USDHRK":6.646301,"USDHTG":94.950104,"USDHUF":291.702004,"USDIDR":14335.55,"USDILS":3.487034,"USDIMP":0.821956,"USDINR":70.817967,"USDIQD":1190,"USDIRR":42105.000172,"USDISK":121.73002,"USDJEP":0.821956,"USDJMD":135.220174,"USDJOD":0.708982,"USDJPY":106.058499,"USDKES":103.119831,"USDKGS":69.823303,"USDKHR":4089.999949,"USDKMF":440.550111,"USDKPW":900.071024,"USDKRW":1219.104939,"USDKWD":0.304009,"USDKYD":0.83315,"USDKZT":386.590021,"USDLAK":8702.501015,"USDLBP":1511.050108,"USDLKR":176.940076,"USDLRD":202.999968,"USDLSL":14.769922,"USDLTL":2.95274,"USDLVL":0.60489,"USDLYD":1.404998,"USDMAD":9.557499,"USDMDL":17.861024,"USDMGA":3657.495986,"USDMKD":55.042019,"USDMMK":1515.103078,"USDMNT":2665.975283,"USDMOP":8.0691,"USDMRO":357.000346,"USDMUR":35.999502,"USDMVR":15.450217,"USDMWK":733.564975,"USDMXN":19.56603,"USDMYR":4.200981,"USDMZN":61.204997,"USDNAD":14.769503,"USDNGN":362.000327,"USDNIO":17.349894,"USDNOK":8.91966,"USDNPR":112.374989,"USDNZD":1.52943,"USDOMR":0.38505,"USDPAB":0.9994,"USDPEN":3.38145,"USDPGK":3.397798,"USDPHP":52.129752,"USDPKR":160.249702,"USDPLN":3.85735,"USDPYG":6026.350348,"USDQAR":3.64075,"USDRON":4.225802,"USDRSD":105.109713,"USDRUB":65.111963,"USDRWF":910,"USDSAR":3.75145,"USDSBD":8.19445,"USDSCR":13.696014,"USDSDG":45.096003,"USDSEK":9.61079,"USDSGD":1.381905,"USDSHP":1.3209,"USDSLL":9200.000105,"USDSOS":580.000308,"USDSRD":7.457965,"USDSTD":21560.79,"USDSVC":8.748497,"USDSYP":515.000117,"USDSZL":14.934987,"USDTHB":30.830996,"USDTJS":9.42785,"USDTMT":3.505,"USDTND":2.86005,"USDTOP":2.303649,"USDTRY":5.564298,"USDTTD":6.76465,"USDTWD":31.641503,"USDTZS":2299.19912,"USDUAH":25.702979,"USDUGX":3692.10312,"USDUSD":1,"USDUYU":34.590113,"USDUZS":8667.498062,"USDVEF":9.987504,"USDVND":23269,"USDVUV":117.192849,"USDWST":2.649695,"USDXAF":587.079806,"USDXAG":0.061183,"USDXAU":0.000683,"USDXCD":2.70265,"USDXDR":0.727156,"USDXOF":590.50639,"USDXPF":107.249682,"USDYER":250.34994,"USDZAR":14.867199,"USDZMK":9001.200967,"USDZMW":12.893031,"USDZWL":322.000001}}
